locationId,location,date,unit,country,city,isMobile,isAnalysis,entity,sensorType,latitude,longitude,co,no,no2,nox,o3,pm10,so2,pm25
10759,Tlahuac,2024-10-24 22:00:00+00:00,µg/m³,MX,TAH,FALSE,,Governmental Organization,reference grade,19.24666667,-99.01083333,,,,,,48,,
10759,Tlahuac,2024-10-24 21:00:00+00:00,µg/m³,MX,TAH,FALSE,,Governmental Organization,reference grade,19.24666667,-99.01083333,,,,,,61,,
10759,Tlahuac,2024-10-24 20:00:00+00:00,µg/m³,MX,TAH,FALSE,,Governmental Organization,reference grade,19.24666667,-99.01083333,,,,,,59,,
10759,Tlahuac,2024-10-24 19:00:00+00:00,µg/m³,MX,TAH,FALSE,,Governmental Organization,reference grade,19.24666667,-99.01083333,,,,,,55,,
10759,Tlahuac,2024-10-24 18:00:00+00:00,µg/m³,MX,TAH,FALSE,,Governmental Organization,reference grade,19.24666667,-99.01083333,,,,,,57,,
10759,Tlahuac,2024-10-24 17:00:00+00:00,µg/m³,MX,TAH,FALSE,,Governmental Organization,reference grade,19.24666667,-99.01083333,,,,,,49,,
10759,Tlahuac,2024-10-24 16:00:00+00:00,µg/m³,MX,TAH,FALSE,,Governmental Organization,reference grade,19.24666667,-99.01083333,,,,,,34,,
10759,Tlahuac,2024-10-24 15:00:00+00:00,µg/m³,MX,TAH,FALSE,,Governmental Organization,reference grade,19.24666667,-99.01083333,,,,,,33,,
10759,Tlahuac,2024-10-24 14:00:00+00:00,µg/m³,MX,TAH,FALSE,,Governmental Organization,reference grade,19.24666667,-99.01083333,,,,,,24,,
10759,Tlahuac,2024-10-24 13:00:00+00:00,µg/m³,MX,TAH,FALSE,,Governmental Organization,reference grade,19.24666667,-99.01083333,,,,,,20,,
10759,Tlahuac,2024-10-24 12:00:00+00:00,µg/m³,MX,TAH,FALSE,,Governmental Organization,reference grade,19.24666667,-99.01083333,,,,,,19,,
10759,Tlahuac,2024-10-24 11:00:00+00:00,µg/m³,MX,TAH,FALSE,,Governmental Organization,reference grade,19.24666667,-99.01083333,,,,,,20,,
10759,Tlahuac,2024-10-24 10:00:00+00:00,µg/m³,MX,TAH,FALSE,,Governmental Organization,reference grade,19.24666667,-99.01083333,,,,,,20,,
10759,Tlahuac,2024-10-24 09:00:00+00:00,µg/m³,MX,TAH,FALSE,,Governmental Organization,reference grade,19.24666667,-99.01083333,,,,,,21,,
10759,Tlahuac,2024-10-24 08:00:00+00:00,µg/m³,MX,TAH,FALSE,,Governmental Organization,reference grade,19.24666667,-99.01083333,,,,,,27,,
10759,Tlahuac,2024-10-24 07:00:00+00:00,µg/m³,MX,TAH,FALSE,,Governmental Organization,reference grade,19.24666667,-99.01083333,,,,,,23,,
10759,Tlahuac,2024-10-24 06:00:00+00:00,µg/m³,MX,TAH,FALSE,,Governmental Organization,reference grade,19.24666667,-99.01083333,,,,,,24,,
10759,Tlahuac,2024-10-24 05:00:00+00:00,µg/m³,MX,TAH,FALSE,,Governmental Organization,reference grade,19.24666667,-99.01083333,,,,,,24,,
10759,Tlahuac,2024-10-24 04:00:00+00:00,µg/m³,MX,TAH,FALSE,,Governmental Organization,reference grade,19.24666667,-99.01083333,,,,,,38,,
10759,Tlahuac,2024-10-24 03:00:00+00:00,µg/m³,MX,TAH,FALSE,,Governmental Organization,reference grade,19.24666667,-99.01083333,,,,,,37,,
10759,Tlahuac,2024-10-24 02:00:00+00:00,µg/m³,MX,TAH,FALSE,,Governmental Organization,reference grade,19.24666667,-99.01083333,,,,,,44,,
10759,Tlahuac,2024-10-24 01:00:00+00:00,µg/m³,MX,TAH,FALSE,,Governmental Organization,reference grade,19.24666667,-99.01083333,,,,,,29,,
10759,Tlahuac,2024-10-24 00:00:00+00:00,µg/m³,MX,TAH,FALSE,,Governmental Organization,reference grade,19.24666667,-99.01083333,,,,,,30,,
10759,Tlahuac,2024-10-23 23:00:00+00:00,µg/m³,MX,TAH,FALSE,,Governmental Organization,reference grade,19.24666667,-99.01083333,,,,,,41,,
10759,Tlahuac,2024-10-23 22:00:00+00:00,µg/m³,MX,TAH,FALSE,,Governmental Organization,reference grade,19.24666667,-99.01083333,,,,,,41,,
10759,Tlahuac,2024-10-23 21:00:00+00:00,µg/m³,MX,TAH,FALSE,,Governmental Organization,reference grade,19.24666667,-99.01083333,,,,,,59,,
10759,Tlahuac,2024-10-23 20:00:00+00:00,µg/m³,MX,TAH,FALSE,,Governmental Organization,reference grade,19.24666667,-99.01083333,,,,,,59,,
10759,Tlahuac,2024-10-23 17:00:00+00:00,µg/m³,MX,TAH,FALSE,,Governmental Organization,reference grade,19.24666667,-99.01083333,,,,,,41,,
10759,Tlahuac,2024-10-23 16:00:00+00:00,µg/m³,MX,TAH,FALSE,,Governmental Organization,reference grade,19.24666667,-99.01083333,,,,,,27,,
10759,Tlahuac,2024-10-23 15:00:00+00:00,µg/m³,MX,TAH,FALSE,,Governmental Organization,reference grade,19.24666667,-99.01083333,,,,,,20,,
10759,Tlahuac,2024-10-23 14:00:00+00:00,µg/m³,MX,TAH,FALSE,,Governmental Organization,reference grade,19.24666667,-99.01083333,,,,,,24,,
10759,Tlahuac,2024-10-23 13:00:00+00:00,µg/m³,MX,TAH,FALSE,,Governmental Organization,reference grade,19.24666667,-99.01083333,,,,,,18,,
10759,Tlahuac,2024-10-23 12:00:00+00:00,µg/m³,MX,TAH,FALSE,,Governmental Organization,reference grade,19.24666667,-99.01083333,,,,,,17,,
10759,Tlahuac,2024-10-23 11:00:00+00:00,µg/m³,MX,TAH,FALSE,,Governmental Organization,reference grade,19.24666667,-99.01083333,,,,,,17,,
10759,Tlahuac,2024-10-23 10:00:00+00:00,µg/m³,MX,TAH,FALSE,,Governmental Organization,reference grade,19.24666667,-99.01083333,,,,,,18,,
10759,Tlahuac,2024-10-23 09:00:00+00:00,µg/m³,MX,TAH,FALSE,,Governmental Organization,reference grade,19.24666667,-99.01083333,,,,,,21,,
10759,Tlahuac,2024-10-23 08:00:00+00:00,µg/m³,MX,TAH,FALSE,,Governmental Organization,reference grade,19.24666667,-99.01083333,,,,,,21,,
10759,Tlahuac,2024-10-23 01:00:00+00:00,µg/m³,MX,TAH,FALSE,,Governmental Organization,reference grade,19.24666667,-99.01083333,,,,,,24,,
10759,Tlahuac,2024-11-14 00:00:00+00:00,ppm,MX,TAH,FALSE,,Governmental Organization,reference grade,19.24666667,-99.01083333,0.2,0.003,0.01,0.014,0.046,,0.002,
10759,Tlahuac,2024-11-13 23:00:00+00:00,ppm,MX,TAH,FALSE,,Governmental Organization,reference grade,19.24666667,-99.01083333,0.2,0.001,0.011,0.012,0.067,,0.003,
10759,Tlahuac,2024-11-13 22:00:00+00:00,ppm,MX,TAH,FALSE,,Governmental Organization,reference grade,19.24666667,-99.01083333,0.3,0.001,0.01,0.012,0.071,,0.004,
10759,Tlahuac,2024-11-13 21:00:00+00:00,ppm,MX,TAH,FALSE,,Governmental Organization,reference grade,19.24666667,-99.01083333,0.4,0.003,0.017,0.02,0.07,,0.003,
10759,Tlahuac,2024-11-13 20:00:00+00:00,ppm,MX,TAH,FALSE,,Governmental Organization,reference grade,19.24666667,-99.01083333,0.5,0.004,0.018,0.023,0.061,,0.002,
10759,Tlahuac,2024-11-13 19:00:00+00:00,ppm,MX,TAH,FALSE,,Governmental Organization,reference grade,19.24666667,-99.01083333,0.6,0.005,0.022,0.027,0.059,,0.002,
10759,Tlahuac,2024-11-13 18:00:00+00:00,ppm,MX,TAH,FALSE,,Governmental Organization,reference grade,19.24666667,-99.01083333,0.4,0.006,0.016,0.022,0.045,,0.002,
10759,Tlahuac,2024-11-13 17:00:00+00:00,ppm,MX,TAH,FALSE,,Governmental Organization,reference grade,19.24666667,-99.01083333,0.9,0.015,0.026,0.041,0.026,,0.002,
10759,Tlahuac,2024-11-13 16:00:00+00:00,ppm,MX,TAH,FALSE,,Governmental Organization,reference grade,19.24666667,-99.01083333,1.4,0.043,0.03,0.072,0.009,,0.002,
10759,Tlahuac,2024-11-13 15:00:00+00:00,ppm,MX,TAH,FALSE,,Governmental Organization,reference grade,19.24666667,-99.01083333,2.1,0.074,0.024,0.099,0.006,,0.002,
10759,Tlahuac,2024-11-13 14:00:00+00:00,ppm,MX,TAH,FALSE,,Governmental Organization,reference grade,19.24666667,-99.01083333,1.4,0.042,0.024,0.066,0.004,,0.002,
10759,Tlahuac,2024-11-13 13:00:00+00:00,ppm,MX,TAH,FALSE,,Governmental Organization,reference grade,19.24666667,-99.01083333,0.8,0.013,0.024,0.037,0.005,,0.002,
10759,Tlahuac,2024-11-13 12:00:00+00:00,ppm,MX,TAH,FALSE,,Governmental Organization,reference grade,19.24666667,-99.01083333,0.7,0.001,0.025,0.026,0.006,,0.002,
10759,Tlahuac,2024-11-13 11:00:00+00:00,ppm,MX,TAH,FALSE,,Governmental Organization,reference grade,19.24666667,-99.01083333,0.5,0.001,0.022,0.024,0.007,,0.001,
10759,Tlahuac,2024-11-13 10:00:00+00:00,ppm,MX,TAH,FALSE,,Governmental Organization,reference grade,19.24666667,-99.01083333,0.5,0.002,0.024,0.026,0.006,,0.002,
10759,Tlahuac,2024-11-13 09:00:00+00:00,ppm,MX,TAH,FALSE,,Governmental Organization,reference grade,19.24666667,-99.01083333,0.6,0.001,0.027,0.028,0.007,,0.002,
10759,Tlahuac,2024-11-13 08:00:00+00:00,ppm,MX,TAH,FALSE,,Governmental Organization,reference grade,19.24666667,-99.01083333,0.6,0.002,0.03,0.032,0.009,,0.002,
10759,Tlahuac,2024-11-13 07:00:00+00:00,ppm,MX,TAH,FALSE,,Governmental Organization,reference grade,19.24666667,-99.01083333,0.6,0.002,0.03,0.032,0.009,,0.002,
10759,Tlahuac,2024-11-13 06:00:00+00:00,ppm,MX,TAH,FALSE,,Governmental Organization,reference grade,19.24666667,-99.01083333,0.7,0.001,0.028,0.028,0.023,,0.002,
10759,Tlahuac,2024-11-13 05:00:00+00:00,ppm,MX,TAH,FALSE,,Governmental Organization,reference grade,19.24666667,-99.01083333,0.7,0.001,0.028,0.029,0.029,,0.002,
10759,Tlahuac,2024-11-13 04:00:00+00:00,ppm,MX,TAH,FALSE,,Governmental Organization,reference grade,19.24666667,-99.01083333,0.8,0.002,0.028,0.03,0.031,,0.002,
10759,Tlahuac,2024-11-13 03:00:00+00:00,ppm,MX,TAH,FALSE,,Governmental Organization,reference grade,19.24666667,-99.01083333,0.8,0.002,0.028,0.03,0.031,,0.002,
10759,Tlahuac,2024-11-13 02:00:00+00:00,ppm,MX,TAH,FALSE,,Governmental Organization,reference grade,19.24666667,-99.01083333,0.6,0,0.023,0.023,0.045,,0.002,
10759,Tlahuac,2024-11-13 01:00:00+00:00,ppm,MX,TAH,FALSE,,Governmental Organization,reference grade,19.24666667,-99.01083333,0.6,0,0.023,0.023,0.045,,0.002,
10759,Tlahuac,2024-11-13 00:00:00+00:00,ppm,MX,TAH,FALSE,,Governmental Organization,reference grade,19.24666667,-99.01083333,0.3,0,0.017,0.017,0.084,,0.004,
10759,Tlahuac,2024-11-12 23:00:00+00:00,ppm,MX,TAH,FALSE,,Governmental Organization,reference grade,19.24666667,-99.01083333,0.3,0.001,0.015,0.016,0.077,,0.004,
10759,Tlahuac,2024-11-12 22:00:00+00:00,ppm,MX,TAH,FALSE,,Governmental Organization,reference grade,19.24666667,-99.01083333,0.4,0.003,0.017,0.02,0.071,,0.003,
10759,Tlahuac,2024-11-12 21:00:00+00:00,ppm,MX,TAH,FALSE,,Governmental Organization,reference grade,19.24666667,-99.01083333,0.4,0.003,0.017,0.02,0.071,,0.003,
10759,Tlahuac,2024-11-12 20:00:00+00:00,ppm,MX,TAH,FALSE,,Governmental Organization,reference grade,19.24666667,-99.01083333,0.2,0.001,0.007,0.008,0.055,,0.001,
10759,Tlahuac,2024-11-12 19:00:00+00:00,ppm,MX,TAH,FALSE,,Governmental Organization,reference grade,19.24666667,-99.01083333,0.3,0.003,0.009,0.012,0.047,,0.001,
10759,Tlahuac,2024-11-12 18:00:00+00:00,ppm,MX,TAH,FALSE,,Governmental Organization,reference grade,19.24666667,-99.01083333,0.4,0.006,0.013,0.019,0.037,,0.001,
10759,Tlahuac,2024-11-12 17:00:00+00:00,ppm,MX,TAH,FALSE,,Governmental Organization,reference grade,19.24666667,-99.01083333,0.6,0.015,0.02,0.035,0.024,,0.002,
10759,Tlahuac,2024-11-12 16:00:00+00:00,ppm,MX,TAH,FALSE,,Governmental Organization,reference grade,19.24666667,-99.01083333,1.1,0.038,0.022,0.06,0.009,,0.002,
10759,Tlahuac,2024-11-12 15:00:00+00:00,ppm,MX,TAH,FALSE,,Governmental Organization,reference grade,19.24666667,-99.01083333,1.4,0.062,0.02,0.082,0.004,,0.002,
10759,Tlahuac,2024-11-12 14:00:00+00:00,ppm,MX,TAH,FALSE,,Governmental Organization,reference grade,19.24666667,-99.01083333,1.2,0.06,0.019,0.079,0.004,,0.002,
10759,Tlahuac,2024-11-12 13:00:00+00:00,ppm,MX,TAH,FALSE,,Governmental Organization,reference grade,19.24666667,-99.01083333,0.3,0.004,0.017,0.021,0.007,,0.001,
10759,Tlahuac,2024-11-12 12:00:00+00:00,ppm,MX,TAH,FALSE,,Governmental Organization,reference grade,19.24666667,-99.01083333,0.4,0.01,0.016,0.027,0.006,,0.001,
10759,Tlahuac,2024-11-12 11:00:00+00:00,ppm,MX,TAH,FALSE,,Governmental Organization,reference grade,19.24666667,-99.01083333,0.2,0.001,0.015,0.015,0.012,,0.001,
10759,Tlahuac,2024-11-12 06:00:00+00:00,ppm,MX,TAH,FALSE,,Governmental Organization,reference grade,19.24666667,-99.01083333,0.4,0.002,0.025,0.027,0.01,,0.001,
10759,Tlahuac,2024-11-12 05:00:00+00:00,ppm,MX,TAH,FALSE,,Governmental Organization,reference grade,19.24666667,-99.01083333,0.5,0.003,0.025,0.027,0.01,,0.001,
10759,Tlahuac,2024-11-12 04:00:00+00:00,ppm,MX,TAH,FALSE,,Governmental Organization,reference grade,19.24666667,-99.01083333,0.5,0.003,0.025,0.027,0.01,,0.001,
10759,Tlahuac,2024-11-12 03:00:00+00:00,ppm,MX,TAH,FALSE,,Governmental Organization,reference grade,19.24666667,-99.01083333,0.5,0.003,0.02,0.024,0.018,,0,
10759,Tlahuac,2024-11-12 02:00:00+00:00,ppm,MX,TAH,FALSE,,Governmental Organization,reference grade,19.24666667,-99.01083333,0.5,0.006,0.016,0.022,0.022,,0.001,
10759,Tlahuac,2024-11-12 01:00:00+00:00,ppm,MX,TAH,FALSE,,Governmental Organization,reference grade,19.24666667,-99.01083333,0.3,0.004,0.011,0.015,0.031,,0.001,
10759,Tlahuac,2024-11-12 00:00:00+00:00,ppm,MX,TAH,FALSE,,Governmental Organization,reference grade,19.24666667,-99.01083333,0.2,0.002,0.007,0.009,0.04,,0.001,
10759,Tlahuac,2024-11-11 23:00:00+00:00,ppm,MX,TAH,FALSE,,Governmental Organization,reference grade,19.24666667,-99.01083333,0.2,0.001,0.008,0.008,0.06,,0.001,
10759,Tlahuac,2024-11-11 22:00:00+00:00,ppm,MX,TAH,FALSE,,Governmental Organization,reference grade,19.24666667,-99.01083333,0.3,0.001,0.009,0.011,0.068,,0.002,
10759,Tlahuac,2024-11-11 21:00:00+00:00,ppm,MX,TAH,FALSE,,Governmental Organization,reference grade,19.24666667,-99.01083333,0.3,0.003,0.016,0.019,0.063,,0.002,
10759,Tlahuac,2024-11-11 20:00:00+00:00,ppm,MX,TAH,FALSE,,Governmental Organization,reference grade,19.24666667,-99.01083333,0.6,0.007,0.027,0.034,0.059,,0.002,
10759,Tlahuac,2024-11-11 19:00:00+00:00,ppm,MX,TAH,FALSE,,Governmental Organization,reference grade,19.24666667,-99.01083333,0.7,0.009,0.03,0.039,0.053,,0.002,
10759,Tlahuac,2024-11-11 18:00:00+00:00,ppm,MX,TAH,FALSE,,Governmental Organization,reference grade,19.24666667,-99.01083333,0.6,0.01,0.023,0.033,0.039,,0.002,
10759,Tlahuac,2024-11-11 17:00:00+00:00,ppm,MX,TAH,FALSE,,Governmental Organization,reference grade,19.24666667,-99.01083333,0.8,0.017,0.025,0.041,0.026,,0.002,
10759,Tlahuac,2024-11-11 16:00:00+00:00,ppm,MX,TAH,FALSE,,Governmental Organization,reference grade,19.24666667,-99.01083333,1.1,0.028,0.024,0.053,0.014,,0.002,
10759,Tlahuac,2024-11-11 14:00:00+00:00,ppm,MX,TAH,FALSE,,Governmental Organization,reference grade,19.24666667,-99.01083333,0.6,0.013,0.022,0.034,0.006,,0.001,
10759,Tlahuac,2024-11-11 13:00:00+00:00,ppm,MX,TAH,FALSE,,Governmental Organization,reference grade,19.24666667,-99.01083333,1,0.033,0.021,0.054,0.003,,0.001,
10759,Tlahuac,2024-11-11 12:00:00+00:00,ppm,MX,TAH,FALSE,,Governmental Organization,reference grade,19.24666667,-99.01083333,1,0.033,0.021,0.054,0.003,,0.001,
10759,Tlahuac,2024-11-11 11:00:00+00:00,ppm,MX,TAH,FALSE,,Governmental Organization,reference grade,19.24666667,-99.01083333,0.4,0,0.016,0.016,0.009,,0.001,
10759,Tlahuac,2024-11-11 10:00:00+00:00,ppm,MX,TAH,FALSE,,Governmental Organization,reference grade,19.24666667,-99.01083333,0.4,0.002,0.018,0.02,0.009,,0.001,
10759,Tlahuac,2024-11-11 09:00:00+00:00,ppm,MX,TAH,FALSE,,Governmental Organization,reference grade,19.24666667,-99.01083333,0.4,0.001,0.017,0.018,0.011,,0.001,
10759,Tlahuac,2024-11-11 08:00:00+00:00,ppm,MX,TAH,FALSE,,Governmental Organization,reference grade,19.24666667,-99.01083333,0.9,0.008,0.029,0.037,0.006,,0.001,
10759,Tlahuac,2024-11-11 06:00:00+00:00,ppm,MX,TAH,FALSE,,Governmental Organization,reference grade,19.24666667,-99.01083333,0.9,0.005,0.028,0.034,0.014,,0.001,
10759,Tlahuac,2024-11-11 05:00:00+00:00,ppm,MX,TAH,FALSE,,Governmental Organization,reference grade,19.24666667,-99.01083333,0.6,0.001,0.023,0.024,0.02,,0.001,
10759,Tlahuac,2024-11-11 04:00:00+00:00,ppm,MX,TAH,FALSE,,Governmental Organization,reference grade,19.24666667,-99.01083333,0.6,0.001,0.023,0.024,0.02,,0.001,
10759,Tlahuac,2024-11-11 03:00:00+00:00,ppm,MX,TAH,FALSE,,Governmental Organization,reference grade,19.24666667,-99.01083333,0.6,0,0.018,0.018,0.047,,0.001,
10759,Tlahuac,2024-11-11 02:00:00+00:00,ppm,MX,TAH,FALSE,,Governmental Organization,reference grade,19.24666667,-99.01083333,0.5,0,0.013,0.013,0.056,,0.001,
10759,Tlahuac,2024-11-11 01:00:00+00:00,ppm,MX,TAH,FALSE,,Governmental Organization,reference grade,19.24666667,-99.01083333,,0,0.011,0.01,0.066,,0.002,
10759,Tlahuac,2024-11-10 23:00:00+00:00,ppm,MX,TAH,FALSE,,Governmental Organization,reference grade,19.24666667,-99.01083333,0.3,0,0.008,0.008,0.081,,0.002,
10759,Tlahuac,2024-11-10 22:00:00+00:00,ppm,MX,TAH,FALSE,,Governmental Organization,reference grade,19.24666667,-99.01083333,0.3,0.001,0.011,0.012,0.091,,0.003,
10759,Tlahuac,2024-11-10 21:00:00+00:00,ppm,MX,TAH,FALSE,,Governmental Organization,reference grade,19.24666667,-99.01083333,0.5,0.002,0.016,0.018,0.091,,0.003,
10759,Tlahuac,2024-11-10 20:00:00+00:00,ppm,MX,TAH,FALSE,,Governmental Organization,reference grade,19.24666667,-99.01083333,0.5,0.002,0.016,0.018,0.091,,0.003,
10759,Tlahuac,2024-11-10 19:00:00+00:00,ppm,MX,TAH,FALSE,,Governmental Organization,reference grade,19.24666667,-99.01083333,0.4,0.002,0.012,0.014,0.067,,0.002,
10759,Tlahuac,2024-11-10 18:00:00+00:00,ppm,MX,TAH,FALSE,,Governmental Organization,reference grade,19.24666667,-99.01083333,0.7,0.006,0.02,0.026,0.05,,0.002,
10759,Tlahuac,2024-11-10 17:00:00+00:00,ppm,MX,TAH,FALSE,,Governmental Organization,reference grade,19.24666667,-99.01083333,0.7,0.009,0.018,0.027,0.03,,0.002,
10759,Tlahuac,2024-11-10 16:00:00+00:00,ppm,MX,TAH,FALSE,,Governmental Organization,reference grade,19.24666667,-99.01083333,0.8,0.014,0.017,0.031,0.015,,0.001,
10759,Tlahuac,2024-11-10 15:00:00+00:00,ppm,MX,TAH,FALSE,,Governmental Organization,reference grade,19.24666667,-99.01083333,1,0.028,0.016,0.044,0.006,,0.001,
10759,Tlahuac,2024-11-10 14:00:00+00:00,ppm,MX,TAH,FALSE,,Governmental Organization,reference grade,19.24666667,-99.01083333,0.6,0.004,0.018,0.021,0.005,,0.001,
10759,Tlahuac,2024-11-10 13:00:00+00:00,ppm,MX,TAH,FALSE,,Governmental Organization,reference grade,19.24666667,-99.01083333,0.6,0.003,0.018,0.021,0.004,,0.001,
10759,Tlahuac,2024-11-10 12:00:00+00:00,ppm,MX,TAH,FALSE,,Governmental Organization,reference grade,19.24666667,-99.01083333,0.7,0.006,0.021,0.027,0.003,,0.001,
10759,Tlahuac,2024-11-10 11:00:00+00:00,ppm,MX,TAH,FALSE,,Governmental Organization,reference grade,19.24666667,-99.01083333,0.9,0.013,0.02,0.033,0.003,,0.001,
10759,Tlahuac,2024-11-10 10:00:00+00:00,ppm,MX,TAH,FALSE,,Governmental Organization,reference grade,19.24666667,-99.01083333,0.8,0.002,0.025,0.028,0.004,,0.001,
10759,Tlahuac,2024-11-10 09:00:00+00:00,ppm,MX,TAH,FALSE,,Governmental Organization,reference grade,19.24666667,-99.01083333,1.1,0.02,0.027,0.047,0.003,,0.001,
10759,Tlahuac,2024-11-10 08:00:00+00:00,ppm,MX,TAH,FALSE,,Governmental Organization,reference grade,19.24666667,-99.01083333,1.1,0.02,0.027,0.047,0.003,,0.001,
10759,Tlahuac,2024-11-10 07:00:00+00:00,ppm,MX,TAH,FALSE,,Governmental Organization,reference grade,19.24666667,-99.01083333,0.7,0.001,0.023,0.024,0.015,,0.001,
10759,Tlahuac,2024-11-10 06:00:00+00:00,ppm,MX,TAH,FALSE,,Governmental Organization,reference grade,19.24666667,-99.01083333,0.8,0.001,0.029,0.03,0.016,,0.001,
10759,Tlahuac,2024-11-10 05:00:00+00:00,ppm,MX,TAH,FALSE,,Governmental Organization,reference grade,19.24666667,-99.01083333,1,0.006,0.037,0.043,0.011,,0.001,
10759,Tlahuac,2024-11-10 04:00:00+00:00,ppm,MX,TAH,FALSE,,Governmental Organization,reference grade,19.24666667,-99.01083333,0.8,0.002,0.028,0.029,0.022,,0.001,
10759,Tlahuac,2024-11-10 03:00:00+00:00,ppm,MX,TAH,FALSE,,Governmental Organization,reference grade,19.24666667,-99.01083333,0.9,0.002,0.028,0.029,0.026,,0.001,
10759,Tlahuac,2024-11-10 02:00:00+00:00,ppm,MX,TAH,FALSE,,Governmental Organization,reference grade,19.24666667,-99.01083333,0.5,0,0.014,0.014,0.04,,0.001,
10759,Tlahuac,2024-11-10 01:00:00+00:00,ppm,MX,TAH,FALSE,,Governmental Organization,reference grade,19.24666667,-99.01083333,0.3,0,0.008,0.008,0.05,,0.001,
10759,Tlahuac,2024-11-10 00:00:00+00:00,ppm,MX,TAH,FALSE,,Governmental Organization,reference grade,19.24666667,-99.01083333,0.2,0.002,0.007,0.008,0.044,,0.001,
10759,Tlahuac,2024-11-09 23:00:00+00:00,ppm,MX,TAH,FALSE,,Governmental Organization,reference grade,19.24666667,-99.01083333,,0.001,0.007,0.009,0.056,,0.001,
10759,Tlahuac,2024-11-09 22:00:00+00:00,ppm,MX,TAH,FALSE,,Governmental Organization,reference grade,19.24666667,-99.01083333,0.3,0.002,0.008,0.01,0.061,,0.001,
10759,Tlahuac,2024-11-09 21:00:00+00:00,ppm,MX,TAH,FALSE,,Governmental Organization,reference grade,19.24666667,-99.01083333,0.3,0.002,0.008,0.01,0.061,,0.001,
10759,Tlahuac,2024-11-09 20:00:00+00:00,ppm,MX,TAH,FALSE,,Governmental Organization,reference grade,19.24666667,-99.01083333,0.4,0.005,0.018,0.023,0.055,,0.002,
10759,Tlahuac,2024-11-09 19:00:00+00:00,ppm,MX,TAH,FALSE,,Governmental Organization,reference grade,19.24666667,-99.01083333,0.6,0.008,0.026,0.034,0.054,,0.001,
10759,Tlahuac,2024-11-09 18:00:00+00:00,ppm,MX,TAH,FALSE,,Governmental Organization,reference grade,19.24666667,-99.01083333,0.5,0.007,0.019,0.027,0.042,,0.001,
10759,Tlahuac,2024-11-09 17:00:00+00:00,ppm,MX,TAH,FALSE,,Governmental Organization,reference grade,19.24666667,-99.01083333,0.8,0.014,0.025,0.04,0.029,,0.002,
10759,Tlahuac,2024-11-09 16:00:00+00:00,ppm,MX,TAH,FALSE,,Governmental Organization,reference grade,19.24666667,-99.01083333,1.4,0.038,0.025,0.063,0.011,,0.002,
10759,Tlahuac,2024-11-09 15:00:00+00:00,ppm,MX,TAH,FALSE,,Governmental Organization,reference grade,19.24666667,-99.01083333,1.1,0.037,0.018,0.055,0.005,,0.002,
10759,Tlahuac,2024-11-09 14:00:00+00:00,ppm,MX,TAH,FALSE,,Governmental Organization,reference grade,19.24666667,-99.01083333,1.2,0.043,0.018,0.061,0.003,,0.002,
10759,Tlahuac,2024-11-09 13:00:00+00:00,ppm,MX,TAH,FALSE,,Governmental Organization,reference grade,19.24666667,-99.01083333,0.8,0.024,0.018,0.041,0.003,,0.001,
10759,Tlahuac,2024-11-09 12:00:00+00:00,ppm,MX,TAH,FALSE,,Governmental Organization,reference grade,19.24666667,-99.01083333,0.4,0.002,0.017,0.019,0.008,,0.001,
10759,Tlahuac,2024-11-09 11:00:00+00:00,ppm,MX,TAH,FALSE,,Governmental Organization,reference grade,19.24666667,-99.01083333,0.5,0.002,0.017,0.019,0.007,,0.001,
10759,Tlahuac,2024-11-09 10:00:00+00:00,ppm,MX,TAH,FALSE,,Governmental Organization,reference grade,19.24666667,-99.01083333,0.6,0.001,0.02,0.021,0.007,,0.001,
10759,Tlahuac,2024-11-09 09:00:00+00:00,ppm,MX,TAH,FALSE,,Governmental Organization,reference grade,19.24666667,-99.01083333,0.7,0.007,0.024,0.031,0.005,,0.001,
10759,Tlahuac,2024-11-09 08:00:00+00:00,ppm,MX,TAH,FALSE,,Governmental Organization,reference grade,19.24666667,-99.01083333,1.3,0.024,0.031,0.055,0.004,,0.001,
10759,Tlahuac,2024-11-09 07:00:00+00:00,ppm,MX,TAH,FALSE,,Governmental Organization,reference grade,19.24666667,-99.01083333,0.8,0.009,0.032,0.041,0.006,,0.001,
10759,Tlahuac,2024-11-09 06:00:00+00:00,ppm,MX,TAH,FALSE,,Governmental Organization,reference grade,19.24666667,-99.01083333,0.5,0.002,0.026,0.028,0.012,,0.001,
10759,Tlahuac,2024-11-09 05:00:00+00:00,ppm,MX,TAH,FALSE,,Governmental Organization,reference grade,19.24666667,-99.01083333,0.5,0.002,0.026,0.028,0.012,,0.001,
10759,Tlahuac,2024-11-09 04:00:00+00:00,ppm,MX,TAH,FALSE,,Governmental Organization,reference grade,19.24666667,-99.01083333,0.6,0.003,0.022,0.025,0.022,,0.001,
10759,Tlahuac,2024-11-09 03:00:00+00:00,ppm,MX,TAH,FALSE,,Governmental Organization,reference grade,19.24666667,-99.01083333,0.7,0.002,0.025,0.027,0.026,,0.001,
10759,Tlahuac,2024-11-09 02:00:00+00:00,ppm,MX,TAH,FALSE,,Governmental Organization,reference grade,19.24666667,-99.01083333,0.6,0.004,0.021,0.026,0.029,,0.001,
10759,Tlahuac,2024-11-09 01:00:00+00:00,ppm,MX,TAH,FALSE,,Governmental Organization,reference grade,19.24666667,-99.01083333,0.6,0.004,0.021,0.026,0.029,,0.001,
10759,Tlahuac,2024-11-09 00:00:00+00:00,ppm,MX,TAH,FALSE,,Governmental Organization,reference grade,19.24666667,-99.01083333,0.4,0.002,0.013,0.015,0.043,,0.001,
10759,Tlahuac,2024-11-08 22:00:00+00:00,ppm,MX,TAH,FALSE,,Governmental Organization,reference grade,19.24666667,-99.01083333,,0.003,0.012,0.014,0.066,,0.002,
10759,Tlahuac,2024-11-08 21:00:00+00:00,ppm,MX,TAH,FALSE,,Governmental Organization,reference grade,19.24666667,-99.01083333,0.4,0.004,0.012,0.016,0.058,,0.002,
10759,Tlahuac,2024-11-08 20:00:00+00:00,ppm,MX,TAH,FALSE,,Governmental Organization,reference grade,19.24666667,-99.01083333,0.4,0.004,0.013,0.018,0.05,,0.001,
10759,Tlahuac,2024-11-08 19:00:00+00:00,ppm,MX,TAH,FALSE,,Governmental Organization,reference grade,19.24666667,-99.01083333,0.4,0.004,0.013,0.018,0.05,,0.001,
10759,Tlahuac,2024-11-08 18:00:00+00:00,ppm,MX,TAH,FALSE,,Governmental Organization,reference grade,19.24666667,-99.01083333,0.6,0.006,0.024,0.031,0.056,,0.001,
10759,Tlahuac,2024-11-08 17:00:00+00:00,ppm,MX,TAH,FALSE,,Governmental Organization,reference grade,19.24666667,-99.01083333,0.5,0.005,0.014,0.019,0.044,,0.001,
10759,Tlahuac,2024-11-08 16:00:00+00:00,ppm,MX,TAH,FALSE,,Governmental Organization,reference grade,19.24666667,-99.01083333,,0.042,0.028,0.07,0.011,,0.002,
10759,Tlahuac,2024-11-08 15:00:00+00:00,ppm,MX,TAH,FALSE,,Governmental Organization,reference grade,19.24666667,-99.01083333,,0.042,0.028,0.07,0.011,,0.002,
10759,Tlahuac,2024-11-08 14:00:00+00:00,ppm,MX,TAH,FALSE,,Governmental Organization,reference grade,19.24666667,-99.01083333,,0.065,0.027,0.092,0.004,,0.002,
10759,Tlahuac,2024-11-08 13:00:00+00:00,ppm,MX,TAH,FALSE,,Governmental Organization,reference grade,19.24666667,-99.01083333,0.8,0.015,0.026,0.041,0.003,,0.001,
10759,Tlahuac,2024-11-08 12:00:00+00:00,ppm,MX,TAH,FALSE,,Governmental Organization,reference grade,19.24666667,-99.01083333,0.8,0.015,0.026,0.041,0.003,,0.001,
10759,Tlahuac,2024-11-08 11:00:00+00:00,ppm,MX,TAH,FALSE,,Governmental Organization,reference grade,19.24666667,-99.01083333,,0.001,0.024,0.025,0.006,,0.001,
10759,Tlahuac,2024-11-08 10:00:00+00:00,ppm,MX,TAH,FALSE,,Governmental Organization,reference grade,19.24666667,-99.01083333,0.5,0.001,0.026,0.027,0.006,,0.001,
10759,Tlahuac,2024-11-08 09:00:00+00:00,ppm,MX,TAH,FALSE,,Governmental Organization,reference grade,19.24666667,-99.01083333,0.5,0.001,0.026,0.027,0.006,,0.001,
10759,Tlahuac,2024-11-08 08:00:00+00:00,ppm,MX,TAH,FALSE,,Governmental Organization,reference grade,19.24666667,-99.01083333,0.7,0.004,0.034,0.038,0.004,,0.001,
10759,Tlahuac,2024-11-08 07:00:00+00:00,ppm,MX,TAH,FALSE,,Governmental Organization,reference grade,19.24666667,-99.01083333,0.7,0.005,0.035,0.04,0.004,,0.001,
10759,Tlahuac,2024-10-25 21:00:00+00:00,ppm,MX,TAH,FALSE,,Governmental Organization,reference grade,19.24666667,-99.01083333,0.2,0.003,0.015,0.018,0.074,,0.002,
10759,Tlahuac,2024-10-25 20:00:00+00:00,ppm,MX,TAH,FALSE,,Governmental Organization,reference grade,19.24666667,-99.01083333,0.3,0.006,0.022,0.028,0.063,,0.002,
10759,Tlahuac,2024-10-25 19:00:00+00:00,ppm,MX,TAH,FALSE,,Governmental Organization,reference grade,19.24666667,-99.01083333,0.3,0.008,0.018,0.026,0.044,,0.002,
10759,Tlahuac,2024-10-25 18:00:00+00:00,ppm,MX,TAH,FALSE,,Governmental Organization,reference grade,19.24666667,-99.01083333,0.4,0.014,0.017,0.031,0.023,,0.001,
10759,Tlahuac,2024-10-25 17:00:00+00:00,ppm,MX,TAH,FALSE,,Governmental Organization,reference grade,19.24666667,-99.01083333,0.4,0.015,0.018,0.033,0.013,,0.002,
10759,Tlahuac,2024-10-25 16:00:00+00:00,ppm,MX,TAH,FALSE,,Governmental Organization,reference grade,19.24666667,-99.01083333,0.6,0.026,0.019,0.046,0.006,,0.003,
10759,Tlahuac,2024-10-25 15:00:00+00:00,ppm,MX,TAH,FALSE,,Governmental Organization,reference grade,19.24666667,-99.01083333,0.7,0.035,0.02,0.055,0.004,,0.003,
10759,Tlahuac,2024-10-25 14:00:00+00:00,ppm,MX,TAH,FALSE,,Governmental Organization,reference grade,19.24666667,-99.01083333,0.2,0.006,0.021,0.027,0.004,,0.002,
10759,Tlahuac,2024-10-25 13:00:00+00:00,ppm,MX,TAH,FALSE,,Governmental Organization,reference grade,19.24666667,-99.01083333,0.3,0.01,0.02,0.03,0.003,,0.001,
10759,Tlahuac,2024-10-25 12:00:00+00:00,ppm,MX,TAH,FALSE,,Governmental Organization,reference grade,19.24666667,-99.01083333,0.2,0.007,0.018,0.025,0.004,,0.001,
10759,Tlahuac,2024-10-25 10:00:00+00:00,ppm,MX,TAH,FALSE,,Governmental Organization,reference grade,19.24666667,-99.01083333,0.2,0.002,0.02,0.022,0.005,,0,
10759,Tlahuac,2024-10-24 22:00:00+00:00,ppm,MX,TAH,FALSE,,Governmental Organization,reference grade,19.24666667,-99.01083333,0.3,0.002,0.014,0.016,0.082,,0.002,
10759,Tlahuac,2024-10-24 21:00:00+00:00,ppm,MX,TAH,FALSE,,Governmental Organization,reference grade,19.24666667,-99.01083333,0.3,0.004,0.02,0.024,0.067,,0.002,
10759,Tlahuac,2024-10-24 20:00:00+00:00,ppm,MX,TAH,FALSE,,Governmental Organization,reference grade,19.24666667,-99.01083333,0.5,0.012,0.029,0.041,0.047,,0.002,
10759,Tlahuac,2024-10-24 19:00:00+00:00,ppm,MX,TAH,FALSE,,Governmental Organization,reference grade,19.24666667,-99.01083333,0.5,0.016,0.029,0.045,0.03,,0.002,
10759,Tlahuac,2024-10-24 18:00:00+00:00,ppm,MX,TAH,FALSE,,Governmental Organization,reference grade,19.24666667,-99.01083333,0.3,0.013,0.02,0.033,0.025,,0.002,
10759,Tlahuac,2024-10-24 17:00:00+00:00,ppm,MX,TAH,FALSE,,Governmental Organization,reference grade,19.24666667,-99.01083333,0.4,0.016,0.019,0.035,0.018,,0.004,
10759,Tlahuac,2024-10-24 16:00:00+00:00,ppm,MX,TAH,FALSE,,Governmental Organization,reference grade,19.24666667,-99.01083333,0.5,0.018,0.021,0.039,0.008,,0.004,
10759,Tlahuac,2024-10-24 15:00:00+00:00,ppm,MX,TAH,FALSE,,Governmental Organization,reference grade,19.24666667,-99.01083333,0.4,0.013,0.021,0.035,0.006,,0.005,
10759,Tlahuac,2024-10-24 14:00:00+00:00,ppm,MX,TAH,FALSE,,Governmental Organization,reference grade,19.24666667,-99.01083333,0.1,0.004,0.021,0.024,0.004,,0.002,
10759,Tlahuac,2024-10-24 13:00:00+00:00,ppm,MX,TAH,FALSE,,Governmental Organization,reference grade,19.24666667,-99.01083333,0,0.001,0.015,0.016,0.009,,0.001,
10759,Tlahuac,2024-10-24 12:00:00+00:00,ppm,MX,TAH,FALSE,,Governmental Organization,reference grade,19.24666667,-99.01083333,0,0,0.01,0.011,0.015,,0.001,
10759,Tlahuac,2024-10-24 11:00:00+00:00,ppm,MX,TAH,FALSE,,Governmental Organization,reference grade,19.24666667,-99.01083333,0,0,0.013,0.013,0.015,,0.002,
10759,Tlahuac,2024-10-24 10:00:00+00:00,ppm,MX,TAH,FALSE,,Governmental Organization,reference grade,19.24666667,-99.01083333,0,0,0.013,0.013,0.015,,0.002,
10759,Tlahuac,2024-10-24 09:00:00+00:00,ppm,MX,TAH,FALSE,,Governmental Organization,reference grade,19.24666667,-99.01083333,0.1,0,0.018,0.018,0.01,,0.003,
10759,Tlahuac,2024-10-24 08:00:00+00:00,ppm,MX,TAH,FALSE,,Governmental Organization,reference grade,19.24666667,-99.01083333,0.1,0.001,0.019,0.02,0.01,,0.002,
10759,Tlahuac,2024-10-24 07:00:00+00:00,ppm,MX,TAH,FALSE,,Governmental Organization,reference grade,19.24666667,-99.01083333,0.2,0.002,0.021,0.023,0.009,,0.001,
10759,Tlahuac,2024-10-24 06:00:00+00:00,ppm,MX,TAH,FALSE,,Governmental Organization,reference grade,19.24666667,-99.01083333,0.1,0.002,0.022,0.023,0.012,,0.001,
10759,Tlahuac,2024-10-24 05:00:00+00:00,ppm,MX,TAH,FALSE,,Governmental Organization,reference grade,19.24666667,-99.01083333,0.1,0.002,0.022,0.023,0.012,,0.001,
10759,Tlahuac,2024-10-24 04:00:00+00:00,ppm,MX,TAH,FALSE,,Governmental Organization,reference grade,19.24666667,-99.01083333,0.2,0.003,0.023,0.026,0.012,,0,
10759,Tlahuac,2024-10-24 03:00:00+00:00,ppm,MX,TAH,FALSE,,Governmental Organization,reference grade,19.24666667,-99.01083333,0.3,0.003,0.023,0.026,0.012,,0,
10759,Tlahuac,2024-10-24 02:00:00+00:00,ppm,MX,TAH,FALSE,,Governmental Organization,reference grade,19.24666667,-99.01083333,0.2,0.003,0.017,0.02,0.018,,0,
10759,Tlahuac,2024-10-24 01:00:00+00:00,ppm,MX,TAH,FALSE,,Governmental Organization,reference grade,19.24666667,-99.01083333,0.1,0.001,0.013,0.014,0.064,,0.001,
10759,Tlahuac,2024-10-24 00:00:00+00:00,ppm,MX,TAH,FALSE,,Governmental Organization,reference grade,19.24666667,-99.01083333,0.1,0,0.009,0.01,0.085,,0.001,
10759,Tlahuac,2024-10-23 23:00:00+00:00,ppm,MX,TAH,FALSE,,Governmental Organization,reference grade,19.24666667,-99.01083333,0.1,0.001,0.01,0.01,0.083,,0.001,
10759,Tlahuac,2024-10-23 22:00:00+00:00,ppm,MX,TAH,FALSE,,Governmental Organization,reference grade,19.24666667,-99.01083333,0.1,0.001,0.01,0.01,0.083,,0.001,
10759,Tlahuac,2024-10-23 21:00:00+00:00,ppm,MX,TAH,FALSE,,Governmental Organization,reference grade,19.24666667,-99.01083333,0.5,0.007,0.032,0.039,0.069,,0.002,
10759,Tlahuac,2024-10-23 20:00:00+00:00,ppm,MX,TAH,FALSE,,Governmental Organization,reference grade,19.24666667,-99.01083333,0.5,0.007,0.032,0.039,0.069,,0.002,
10759,Tlahuac,2024-10-23 17:00:00+00:00,ppm,MX,TAH,FALSE,,Governmental Organization,reference grade,19.24666667,-99.01083333,0.7,0.028,0.025,0.053,0.012,,0.003,
10759,Tlahuac,2024-10-23 16:00:00+00:00,ppm,MX,TAH,FALSE,,Governmental Organization,reference grade,19.24666667,-99.01083333,0.4,0.013,0.019,0.032,0.011,,0.002,
10759,Tlahuac,2024-10-23 15:00:00+00:00,ppm,MX,TAH,FALSE,,Governmental Organization,reference grade,19.24666667,-99.01083333,0.2,0.007,0.018,0.025,0.01,,0.002,
10759,Tlahuac,2024-10-23 14:00:00+00:00,ppm,MX,TAH,FALSE,,Governmental Organization,reference grade,19.24666667,-99.01083333,0.1,0.003,0.018,0.021,0.009,,0.001,
10759,Tlahuac,2024-10-23 13:00:00+00:00,ppm,MX,TAH,FALSE,,Governmental Organization,reference grade,19.24666667,-99.01083333,0.1,0.003,0.017,0.019,0.009,,0,
10759,Tlahuac,2024-10-23 12:00:00+00:00,ppm,MX,TAH,FALSE,,Governmental Organization,reference grade,19.24666667,-99.01083333,0,0.001,0.015,0.016,0.01,,0,
10759,Tlahuac,2024-10-23 11:00:00+00:00,ppm,MX,TAH,FALSE,,Governmental Organization,reference grade,19.24666667,-99.01083333,0,0,0.013,0.014,0.013,,0,
10759,Tlahuac,2024-10-23 10:00:00+00:00,ppm,MX,TAH,FALSE,,Governmental Organization,reference grade,19.24666667,-99.01083333,0,0,0.015,0.015,0.014,,0,
10759,Tlahuac,2024-10-23 09:00:00+00:00,ppm,MX,TAH,FALSE,,Governmental Organization,reference grade,19.24666667,-99.01083333,0,0.001,0.018,0.019,0.013,,0,
10759,Tlahuac,2024-10-23 08:00:00+00:00,ppm,MX,TAH,FALSE,,Governmental Organization,reference grade,19.24666667,-99.01083333,0,0.001,0.018,0.019,0.013,,0,
10759,Tlahuac,2024-10-23 01:00:00+00:00,ppm,MX,TAH,FALSE,,Governmental Organization,reference grade,19.24666667,-99.01083333,0.2,0.003,0.014,0.017,0.038,,0,
10759,Tlahuac,2024-11-08 06:00:00+00:00,ppm,MX,TAH,FALSE,,Governmental Organization,reference grade,19.24666667,-99.01083333,,,,,0.006,,,
10759,Tlahuac,2024-11-08 05:00:00+00:00,ppm,MX,TAH,FALSE,,Governmental Organization,reference grade,19.24666667,-99.01083333,,,,,0.024,,,
10759,Tlahuac,2024-11-08 04:00:00+00:00,ppm,MX,TAH,FALSE,,Governmental Organization,reference grade,19.24666667,-99.01083333,,,,,0.029,,,
10759,Tlahuac,2024-11-08 03:00:00+00:00,ppm,MX,TAH,FALSE,,Governmental Organization,reference grade,19.24666667,-99.01083333,,,,,0.04,,,
10759,Tlahuac,2024-11-08 02:00:00+00:00,ppm,MX,TAH,FALSE,,Governmental Organization,reference grade,19.24666667,-99.01083333,,,,,0.04,,,
10759,Tlahuac,2024-11-08 01:00:00+00:00,ppm,MX,TAH,FALSE,,Governmental Organization,reference grade,19.24666667,-99.01083333,,,,,0.059,,,
10759,Tlahuac,2024-11-07 22:00:00+00:00,ppm,MX,TAH,FALSE,,Governmental Organization,reference grade,19.24666667,-99.01083333,,,,,0.076,,,
10759,Tlahuac,2024-11-07 21:00:00+00:00,ppm,MX,TAH,FALSE,,Governmental Organization,reference grade,19.24666667,-99.01083333,,,,,0.069,,,
10759,Tlahuac,2024-11-07 20:00:00+00:00,ppm,MX,TAH,FALSE,,Governmental Organization,reference grade,19.24666667,-99.01083333,,,,,0.069,,,
10759,Tlahuac,2024-11-07 18:00:00+00:00,ppm,MX,TAH,FALSE,,Governmental Organization,reference grade,19.24666667,-99.01083333,,,,,0.052,,,
10759,Tlahuac,2024-11-07 17:00:00+00:00,ppm,MX,TAH,FALSE,,Governmental Organization,reference grade,19.24666667,-99.01083333,,,,,0.052,,,
10759,Tlahuac,2024-11-07 16:00:00+00:00,ppm,MX,TAH,FALSE,,Governmental Organization,reference grade,19.24666667,-99.01083333,,,,,0.005,,,
10759,Tlahuac,2024-11-07 15:00:00+00:00,ppm,MX,TAH,FALSE,,Governmental Organization,reference grade,19.24666667,-99.01083333,,,,,0.005,,,
10759,Tlahuac,2024-11-07 14:00:00+00:00,ppm,MX,TAH,FALSE,,Governmental Organization,reference grade,19.24666667,-99.01083333,,,,,0.004,,,
10759,Tlahuac,2024-11-07 13:00:00+00:00,ppm,MX,TAH,FALSE,,Governmental Organization,reference grade,19.24666667,-99.01083333,,,,,0.004,,,
10759,Tlahuac,2024-11-07 12:00:00+00:00,ppm,MX,TAH,FALSE,,Governmental Organization,reference grade,19.24666667,-99.01083333,,,,,0.006,,,
10759,Tlahuac,2024-11-07 11:00:00+00:00,ppm,MX,TAH,FALSE,,Governmental Organization,reference grade,19.24666667,-99.01083333,,,,,0.006,,,
10759,Tlahuac,2024-11-07 10:00:00+00:00,ppm,MX,TAH,FALSE,,Governmental Organization,reference grade,19.24666667,-99.01083333,,,,,0.012,,,
10759,Tlahuac,2024-11-07 09:00:00+00:00,ppm,MX,TAH,FALSE,,Governmental Organization,reference grade,19.24666667,-99.01083333,,,,,0.013,,,
10759,Tlahuac,2024-11-07 08:00:00+00:00,ppm,MX,TAH,FALSE,,Governmental Organization,reference grade,19.24666667,-99.01083333,,,,,0.009,,,
10759,Tlahuac,2024-11-07 07:00:00+00:00,ppm,MX,TAH,FALSE,,Governmental Organization,reference grade,19.24666667,-99.01083333,,,,,0.013,,,
10759,Tlahuac,2024-11-07 06:00:00+00:00,ppm,MX,TAH,FALSE,,Governmental Organization,reference grade,19.24666667,-99.01083333,,,,,0.008,,,
10759,Tlahuac,2024-11-07 05:00:00+00:00,ppm,MX,TAH,FALSE,,Governmental Organization,reference grade,19.24666667,-99.01083333,,,,,0.008,,,
10759,Tlahuac,2024-11-07 04:00:00+00:00,ppm,MX,TAH,FALSE,,Governmental Organization,reference grade,19.24666667,-99.01083333,,,,,0.019,,,
10759,Tlahuac,2024-11-07 03:00:00+00:00,ppm,MX,TAH,FALSE,,Governmental Organization,reference grade,19.24666667,-99.01083333,,,,,0.019,,,
10759,Tlahuac,2024-11-07 02:00:00+00:00,ppm,MX,TAH,FALSE,,Governmental Organization,reference grade,19.24666667,-99.01083333,,,,,0.015,,,
10759,Tlahuac,2024-11-07 01:00:00+00:00,ppm,MX,TAH,FALSE,,Governmental Organization,reference grade,19.24666667,-99.01083333,,,,,0.026,,,
10759,Tlahuac,2024-10-23 07:00:00+00:00,ppm,MX,TAH,FALSE,,Governmental Organization,reference grade,19.24666667,-99.01083333,0.1,0.001,0.02,0.021,0.015,,,
10759,Tlahuac,2024-10-23 06:00:00+00:00,ppm,MX,TAH,FALSE,,Governmental Organization,reference grade,19.24666667,-99.01083333,0.2,0.002,0.022,0.023,0.014,,,
10759,Tlahuac,2024-10-23 05:00:00+00:00,ppm,MX,TAH,FALSE,,Governmental Organization,reference grade,19.24666667,-99.01083333,0.2,0.003,0.024,0.026,0.012,,,
10759,Tlahuac,2024-10-23 04:00:00+00:00,ppm,MX,TAH,FALSE,,Governmental Organization,reference grade,19.24666667,-99.01083333,0.3,0.004,0.021,0.025,0.015,,,
10759,Tlahuac,2024-10-23 03:00:00+00:00,ppm,MX,TAH,FALSE,,Governmental Organization,reference grade,19.24666667,-99.01083333,0.2,0.002,0.013,0.015,0.023,,,
10759,Tlahuac,2024-10-23 02:00:00+00:00,ppm,MX,TAH,FALSE,,Governmental Organization,reference grade,19.24666667,-99.01083333,0.2,0.003,0.014,0.017,0.028,,,
10759,Tlahuac,2024-10-22 19:00:00+00:00,ppm,MX,TAH,FALSE,,Governmental Organization,reference grade,19.24666667,-99.01083333,0.9,0.009,0.017,0.026,0.043,,,
10759,Tlahuac,2024-10-22 18:00:00+00:00,ppm,MX,TAH,FALSE,,Governmental Organization,reference grade,19.24666667,-99.01083333,0.9,0.011,0.016,0.027,0.029,,,
10759,Tlahuac,2024-10-22 17:00:00+00:00,ppm,MX,TAH,FALSE,,Governmental Organization,reference grade,19.24666667,-99.01083333,0.9,0.012,0.014,0.026,0.024,,,
10759,Tlahuac,2024-10-22 16:00:00+00:00,ppm,MX,TAH,FALSE,,Governmental Organization,reference grade,19.24666667,-99.01083333,1.1,0.023,0.022,0.045,0.01,,,
10759,Tlahuac,2024-10-22 14:00:00+00:00,ppm,MX,TAH,FALSE,,Governmental Organization,reference grade,19.24666667,-99.01083333,1,0.012,0.019,0.031,0.009,,,
10759,Tlahuac,2024-10-22 12:00:00+00:00,ppm,MX,TAH,FALSE,,Governmental Organization,reference grade,19.24666667,-99.01083333,0.6,0.002,0.009,0.011,0.016,,,
10759,Tlahuac,2024-10-22 11:00:00+00:00,ppm,MX,TAH,FALSE,,Governmental Organization,reference grade,19.24666667,-99.01083333,0.6,0.002,0.012,0.014,0.013,,,
10759,Tlahuac,2024-10-22 10:00:00+00:00,ppm,MX,TAH,FALSE,,Governmental Organization,reference grade,19.24666667,-99.01083333,0.6,0.002,0.012,0.014,0.013,,,
10759,Tlahuac,2024-10-22 09:00:00+00:00,ppm,MX,TAH,FALSE,,Governmental Organization,reference grade,19.24666667,-99.01083333,0.7,0.002,0.018,0.019,0.008,,,
10759,Tlahuac,2024-10-22 08:00:00+00:00,ppm,MX,TAH,FALSE,,Governmental Organization,reference grade,19.24666667,-99.01083333,0.8,0.004,0.024,0.029,0.004,,,
10759,Tlahuac,2024-10-22 07:00:00+00:00,ppm,MX,TAH,FALSE,,Governmental Organization,reference grade,19.24666667,-99.01083333,0.8,0.004,0.024,0.029,0.004,,,
10759,Tlahuac,2024-10-22 06:00:00+00:00,ppm,MX,TAH,FALSE,,Governmental Organization,reference grade,19.24666667,-99.01083333,0.8,0.005,0.021,0.026,0.007,,,
10759,Tlahuac,2024-10-22 05:00:00+00:00,ppm,MX,TAH,FALSE,,Governmental Organization,reference grade,19.24666667,-99.01083333,0.9,0.005,0.021,0.026,0.007,,,
10759,Tlahuac,2024-10-22 04:00:00+00:00,ppm,MX,TAH,FALSE,,Governmental Organization,reference grade,19.24666667,-99.01083333,0.8,0.004,0.016,0.021,0.011,,,
10759,Tlahuac,2024-10-22 03:00:00+00:00,ppm,MX,TAH,FALSE,,Governmental Organization,reference grade,19.24666667,-99.01083333,0.8,0.004,0.016,0.021,0.011,,,
10759,Tlahuac,2024-10-22 02:00:00+00:00,ppm,MX,TAH,FALSE,,Governmental Organization,reference grade,19.24666667,-99.01083333,0.8,0.004,0.015,0.02,0.013,,,
10759,Tlahuac,2024-10-22 01:00:00+00:00,ppm,MX,TAH,FALSE,,Governmental Organization,reference grade,19.24666667,-99.01083333,0.7,0.005,0.014,0.019,0.019,,,
10759,Tlahuac,2024-10-22 00:00:00+00:00,ppm,MX,TAH,FALSE,,Governmental Organization,reference grade,19.24666667,-99.01083333,0.7,0.005,0.014,0.019,0.019,,,
10759,Tlahuac,2024-10-21 23:00:00+00:00,ppm,MX,TAH,FALSE,,Governmental Organization,reference grade,19.24666667,-99.01083333,0.7,0.005,0.01,0.015,0.028,,,
10759,Tlahuac,2024-10-21 22:00:00+00:00,ppm,MX,TAH,FALSE,,Governmental Organization,reference grade,19.24666667,-99.01083333,0.7,0.005,0.01,0.015,0.028,,,
10759,Tlahuac,2024-10-21 21:00:00+00:00,ppm,MX,TAH,FALSE,,Governmental Organization,reference grade,19.24666667,-99.01083333,0.8,0.009,0.014,0.023,0.03,,,
10759,Tlahuac,2024-10-21 20:00:00+00:00,ppm,MX,TAH,FALSE,,Governmental Organization,reference grade,19.24666667,-99.01083333,1,0.017,0.019,0.036,0.021,,,
10759,Tlahuac,2024-10-21 19:00:00+00:00,ppm,MX,TAH,FALSE,,Governmental Organization,reference grade,19.24666667,-99.01083333,1.1,0.02,0.021,0.041,0.012,,,
10759,Tlahuac,2024-10-21 18:00:00+00:00,ppm,MX,TAH,FALSE,,Governmental Organization,reference grade,19.24666667,-99.01083333,1,0.016,0.019,0.035,0.012,,,
10759,Tlahuac,2024-10-21 17:00:00+00:00,ppm,MX,TAH,FALSE,,Governmental Organization,reference grade,19.24666667,-99.01083333,0.9,0.013,0.019,0.032,0.011,,,
10759,Tlahuac,2024-10-21 16:00:00+00:00,ppm,MX,TAH,FALSE,,Governmental Organization,reference grade,19.24666667,-99.01083333,0.9,0.01,0.021,0.031,0.008,,,
10759,Tlahuac,2024-10-21 14:00:00+00:00,ppm,MX,TAH,FALSE,,Governmental Organization,reference grade,19.24666667,-99.01083333,0.6,0.003,0.015,0.017,0.01,,,
10759,Tlahuac,2024-10-21 13:00:00+00:00,ppm,MX,TAH,FALSE,,Governmental Organization,reference grade,19.24666667,-99.01083333,0.5,0.002,0.011,0.013,0.014,,,
10759,Tlahuac,2024-10-21 12:00:00+00:00,ppm,MX,TAH,FALSE,,Governmental Organization,reference grade,19.24666667,-99.01083333,0.5,0.002,0.011,0.012,0.013,,,
10759,Tlahuac,2024-10-21 11:00:00+00:00,ppm,MX,TAH,FALSE,,Governmental Organization,reference grade,19.24666667,-99.01083333,0.6,0.001,0.011,0.013,0.013,,,
10759,Tlahuac,2024-10-21 10:00:00+00:00,ppm,MX,TAH,FALSE,,Governmental Organization,reference grade,19.24666667,-99.01083333,0.6,0.001,0.011,0.012,0.015,,,
10759,Tlahuac,2024-10-21 08:00:00+00:00,ppm,MX,TAH,FALSE,,Governmental Organization,reference grade,19.24666667,-99.01083333,0.7,0.002,0.015,0.017,0.013,,,
10759,Tlahuac,2024-10-21 07:00:00+00:00,ppm,MX,TAH,FALSE,,Governmental Organization,reference grade,19.24666667,-99.01083333,0.8,0.002,0.018,0.02,0.011,,,
10759,Tlahuac,2024-10-21 06:00:00+00:00,ppm,MX,TAH,FALSE,,Governmental Organization,reference grade,19.24666667,-99.01083333,0.8,0.003,0.018,0.021,0.012,,,
10759,Tlahuac,2024-10-21 05:00:00+00:00,ppm,MX,TAH,FALSE,,Governmental Organization,reference grade,19.24666667,-99.01083333,0.8,0.003,0.017,0.02,0.014,,,
10759,Tlahuac,2024-10-21 04:00:00+00:00,ppm,MX,TAH,FALSE,,Governmental Organization,reference grade,19.24666667,-99.01083333,0.8,0.003,0.018,0.02,0.014,,,
10759,Tlahuac,2024-10-21 03:00:00+00:00,ppm,MX,TAH,FALSE,,Governmental Organization,reference grade,19.24666667,-99.01083333,0.8,0.002,0.017,0.019,0.015,,,
10759,Tlahuac,2024-10-21 02:00:00+00:00,ppm,MX,TAH,FALSE,,Governmental Organization,reference grade,19.24666667,-99.01083333,0.8,0.003,0.017,0.019,0.017,,,
10759,Tlahuac,2024-10-21 01:00:00+00:00,ppm,MX,TAH,FALSE,,Governmental Organization,reference grade,19.24666667,-99.01083333,0.8,0.002,0.015,0.018,0.02,,,
10759,Tlahuac,2024-10-20 23:00:00+00:00,ppm,MX,TAH,FALSE,,Governmental Organization,reference grade,19.24666667,-99.01083333,0.7,0.004,0.011,0.015,0.029,,,
10759,Tlahuac,2024-10-20 22:00:00+00:00,ppm,MX,TAH,FALSE,,Governmental Organization,reference grade,19.24666667,-99.01083333,0.7,0.005,0.011,0.015,0.031,,,
10759,Tlahuac,2024-10-20 21:00:00+00:00,ppm,MX,TAH,FALSE,,Governmental Organization,reference grade,19.24666667,-99.01083333,0.7,0.005,0.012,0.017,0.031,,,
10759,Tlahuac,2024-10-20 20:00:00+00:00,ppm,MX,TAH,FALSE,,Governmental Organization,reference grade,19.24666667,-99.01083333,0.8,0.004,0.014,0.019,0.029,,,
10759,Tlahuac,2024-10-20 19:00:00+00:00,ppm,MX,TAH,FALSE,,Governmental Organization,reference grade,19.24666667,-99.01083333,0.7,0.004,0.015,0.019,0.029,,,
10759,Tlahuac,2024-10-20 18:00:00+00:00,ppm,MX,TAH,FALSE,,Governmental Organization,reference grade,19.24666667,-99.01083333,0.7,0.004,0.015,0.019,0.029,,,
10759,Tlahuac,2024-10-20 17:00:00+00:00,ppm,MX,TAH,FALSE,,Governmental Organization,reference grade,19.24666667,-99.01083333,0.7,0.006,0.02,0.026,0.02,,,
10759,Tlahuac,2024-10-20 15:00:00+00:00,ppm,MX,TAH,FALSE,,Governmental Organization,reference grade,19.24666667,-99.01083333,0.6,0.003,0.019,0.022,0.016,,,
10759,Tlahuac,2024-10-20 14:00:00+00:00,ppm,MX,TAH,FALSE,,Governmental Organization,reference grade,19.24666667,-99.01083333,0.6,0.002,0.022,0.024,0.013,,,
10759,Tlahuac,2024-10-20 13:00:00+00:00,ppm,MX,TAH,FALSE,,Governmental Organization,reference grade,19.24666667,-99.01083333,0.6,0.002,0.022,0.024,0.013,,,
10759,Tlahuac,2024-10-20 12:00:00+00:00,ppm,MX,TAH,FALSE,,Governmental Organization,reference grade,19.24666667,-99.01083333,0.5,0.001,0.008,0.009,0.029,,,
10759,Tlahuac,2024-10-20 11:00:00+00:00,ppm,MX,TAH,FALSE,,Governmental Organization,reference grade,19.24666667,-99.01083333,0.5,0.001,0.008,0.009,0.029,,,
10759,Tlahuac,2024-10-20 10:00:00+00:00,ppm,MX,TAH,FALSE,,Governmental Organization,reference grade,19.24666667,-99.01083333,0.5,0.001,0.007,0.008,0.031,,,
10759,Tlahuac,2024-10-20 09:00:00+00:00,ppm,MX,TAH,FALSE,,Governmental Organization,reference grade,19.24666667,-99.01083333,0.5,0.001,0.006,0.007,0.033,,,
10759,Tlahuac,2024-10-20 08:00:00+00:00,ppm,MX,TAH,FALSE,,Governmental Organization,reference grade,19.24666667,-99.01083333,0.6,0.001,0.011,0.012,0.027,,,
10759,Tlahuac,2024-10-20 07:00:00+00:00,ppm,MX,TAH,FALSE,,Governmental Organization,reference grade,19.24666667,-99.01083333,0.6,0.002,0.013,0.015,0.024,,,
10759,Tlahuac,2024-10-20 06:00:00+00:00,ppm,MX,TAH,FALSE,,Governmental Organization,reference grade,19.24666667,-99.01083333,0.6,0.002,0.015,0.016,0.023,,,
10759,Tlahuac,2024-10-20 05:00:00+00:00,ppm,MX,TAH,FALSE,,Governmental Organization,reference grade,19.24666667,-99.01083333,0.6,0.002,0.015,0.016,0.023,,,
10759,Tlahuac,2024-10-20 04:00:00+00:00,ppm,MX,TAH,FALSE,,Governmental Organization,reference grade,19.24666667,-99.01083333,0.6,0.002,0.01,0.012,0.028,,,
10759,Tlahuac,2024-10-20 03:00:00+00:00,ppm,MX,TAH,FALSE,,Governmental Organization,reference grade,19.24666667,-99.01083333,0.6,0.002,0.011,0.013,0.028,,,
10759,Tlahuac,2024-10-20 02:00:00+00:00,ppm,MX,TAH,FALSE,,Governmental Organization,reference grade,19.24666667,-99.01083333,0.7,0.003,0.012,0.015,0.03,,,
10759,Tlahuac,2024-10-20 01:00:00+00:00,ppm,MX,TAH,FALSE,,Governmental Organization,reference grade,19.24666667,-99.01083333,0.7,0.004,0.011,0.015,0.039,,,
10759,Tlahuac,2024-10-20 00:00:00+00:00,ppm,MX,TAH,FALSE,,Governmental Organization,reference grade,19.24666667,-99.01083333,0.6,0.003,0.009,0.012,0.043,,,
10759,Tlahuac,2024-10-19 23:00:00+00:00,ppm,MX,TAH,FALSE,,Governmental Organization,reference grade,19.24666667,-99.01083333,0.6,0.003,0.006,0.009,0.042,,,
10759,Tlahuac,2024-10-19 22:00:00+00:00,ppm,MX,TAH,FALSE,,Governmental Organization,reference grade,19.24666667,-99.01083333,0.6,0.003,0.006,0.009,0.044,,,
10759,Tlahuac,2024-10-19 21:00:00+00:00,ppm,MX,TAH,FALSE,,Governmental Organization,reference grade,19.24666667,-99.01083333,0.6,0.003,0.006,0.009,0.044,,,
10759,Tlahuac,2024-10-19 20:00:00+00:00,ppm,MX,TAH,FALSE,,Governmental Organization,reference grade,19.24666667,-99.01083333,0.6,0.003,0.009,0.012,0.056,,,
10759,Tlahuac,2024-10-19 19:00:00+00:00,ppm,MX,TAH,FALSE,,Governmental Organization,reference grade,19.24666667,-99.01083333,0.6,0.004,0.009,0.014,0.047,,,
10759,Tlahuac,2024-10-19 18:00:00+00:00,ppm,MX,TAH,FALSE,,Governmental Organization,reference grade,19.24666667,-99.01083333,0.7,0.007,0.013,0.02,0.034,,,
10759,Tlahuac,2024-10-19 17:00:00+00:00,ppm,MX,TAH,FALSE,,Governmental Organization,reference grade,19.24666667,-99.01083333,0.7,0.008,0.011,0.019,0.03,,,
10759,Tlahuac,2024-10-19 16:00:00+00:00,ppm,MX,TAH,FALSE,,Governmental Organization,reference grade,19.24666667,-99.01083333,0.7,0.008,0.011,0.019,0.03,,,
10759,Tlahuac,2024-10-19 15:00:00+00:00,ppm,MX,TAH,FALSE,,Governmental Organization,reference grade,19.24666667,-99.01083333,0.8,0.009,0.021,0.03,0.012,,,
10759,Tlahuac,2024-10-19 14:00:00+00:00,ppm,MX,TAH,FALSE,,Governmental Organization,reference grade,19.24666667,-99.01083333,0.7,0.005,0.021,0.026,0.01,,,
10759,Tlahuac,2024-10-19 13:00:00+00:00,ppm,MX,TAH,FALSE,,Governmental Organization,reference grade,19.24666667,-99.01083333,0.7,0.003,0.021,0.024,0.008,,,
10759,Tlahuac,2024-10-19 12:00:00+00:00,ppm,MX,TAH,FALSE,,Governmental Organization,reference grade,19.24666667,-99.01083333,0.7,0.003,0.021,0.024,0.008,,,
10759,Tlahuac,2024-10-19 11:00:00+00:00,ppm,MX,TAH,FALSE,,Governmental Organization,reference grade,19.24666667,-99.01083333,0.6,0.001,0.013,0.015,0.015,,,
10759,Tlahuac,2024-10-19 06:00:00+00:00,ppm,MX,TAH,FALSE,,Governmental Organization,reference grade,19.24666667,-99.01083333,0.8,0.003,0.026,0.029,0.011,,,
10759,Tlahuac,2024-10-19 04:00:00+00:00,ppm,MX,TAH,FALSE,,Governmental Organization,reference grade,19.24666667,-99.01083333,0.8,0.004,0.026,0.03,0.011,,,
10759,Tlahuac,2024-10-19 03:00:00+00:00,ppm,MX,TAH,FALSE,,Governmental Organization,reference grade,19.24666667,-99.01083333,1.2,0.004,0.028,0.032,0.033,,,
10759,Tlahuac,2024-10-19 02:00:00+00:00,ppm,MX,TAH,FALSE,,Governmental Organization,reference grade,19.24666667,-99.01083333,0.9,0.001,0.02,0.021,0.039,,,
10759,Tlahuac,2024-10-19 01:00:00+00:00,ppm,MX,TAH,FALSE,,Governmental Organization,reference grade,19.24666667,-99.01083333,0.9,0.001,0.02,0.021,0.039,,,
10759,Tlahuac,2024-10-19 00:00:00+00:00,ppm,MX,TAH,FALSE,,Governmental Organization,reference grade,19.24666667,-99.01083333,0.7,0.001,0.014,0.015,0.038,,,
10759,Tlahuac,2024-10-18 23:00:00+00:00,ppm,MX,TAH,FALSE,,Governmental Organization,reference grade,19.24666667,-99.01083333,0.7,0.001,0.011,0.012,0.096,,,
10759,Tlahuac,2024-10-18 22:00:00+00:00,ppm,MX,TAH,FALSE,,Governmental Organization,reference grade,19.24666667,-99.01083333,0.8,0.002,0.013,0.015,0.088,,,
10759,Tlahuac,2024-10-18 21:00:00+00:00,ppm,MX,TAH,FALSE,,Governmental Organization,reference grade,19.24666667,-99.01083333,0.9,0.005,0.023,0.028,0.076,,,
10759,Tlahuac,2024-11-12 07:00:00+00:00,ppm,MX,TAH,FALSE,,Governmental Organization,reference grade,19.24666667,-99.01083333,0.2,,,,,,,
10759,Tlahuac,2024-10-19 07:00:00+00:00,ppm,MX,TAH,FALSE,,Governmental Organization,reference grade,19.24666667,-99.01083333,0.7,,,,,,,
